Age,Gender,Total Income,Total Expense,Utilities,Entertainment,School_fees,Shopping,Healthcare
1,Male,4.0,0.21000000000000002,0.04,0.04,0.04,0.04,0.05
1,Male,4.0,0.21000000000000002,0.04,0.04,0.04,0.04,0.05
3,Male,5.0,0.14,-0.01,0.03,0.04,0.04,0.04
55,Female,899.0,998.0,78.0,67.0,78.0,98.0,677.0
57,Female,901.0,997.96,78.0,66.99,77.99,97.99,676.99
57,Male,901.0,997.96,78.0,66.99,77.99,97.99,676.99
50,Male,901.0,997.91,77.96,66.99,77.98,97.99,676.99
